timestamp,artist,followers,following
2026-03-25T13:19:28.742Z,darari_nu,444,155
2026-03-25T13:19:28.742Z,coban3137,1133,620
2026-03-25T16:13:52.368Z,darari_nu,444,155
2026-03-25T16:13:52.368Z,coban3137,1134,621
2026-03-25T19:01:03.126Z,darari_nu,443,155
2026-03-25T19:01:03.126Z,coban3137,1133,621
2026-03-25T21:43:21.957Z,darari_nu,443,155
2026-03-25T21:43:21.957Z,coban3137,1133,621
2026-03-26T02:40:40.502Z,darari_nu,443,155
2026-03-26T02:40:40.502Z,coban3137,1134,621
2026-03-26T05:10:08.451Z,darari_nu,443,155
2026-03-26T05:10:08.451Z,coban3137,1135,622
2026-03-26T07:16:50.169Z,darari_nu,443,155
2026-03-26T07:16:50.169Z,coban3137,1135,622
2026-03-26T10:04:02.384Z,darari_nu,444,155
2026-03-26T10:04:02.384Z,coban3137,1135,622
2026-03-26T13:25:35.200Z,darari_nu,444,155
2026-03-26T13:25:35.200Z,coban3137,1135,622
2026-03-26T16:14:55.062Z,darari_nu,444,155
2026-03-26T16:14:55.062Z,coban3137,1135,622
2026-03-26T19:13:18.729Z,darari_nu,444,155
2026-03-26T19:13:18.729Z,coban3137,1135,622
2026-03-26T21:35:42.803Z,darari_nu,444,155
2026-03-26T21:35:42.803Z,coban3137,1135,622
2026-03-27T02:42:41.655Z,darari_nu,445,155
2026-03-27T02:42:41.655Z,coban3137,1136,622
2026-03-27T05:10:34.442Z,darari_nu,445,155
2026-03-27T05:10:34.442Z,coban3137,1136,622
2026-03-27T07:14:24.565Z,darari_nu,445,155
2026-03-27T07:14:24.565Z,coban3137,1136,622
2026-03-27T09:58:09.078Z,darari_nu,445,155
2026-03-27T09:58:09.078Z,coban3137,1136,622
2026-03-27T13:15:01.685Z,darari_nu,445,155
2026-03-27T13:15:01.685Z,coban3137,1136,622
2026-03-27T15:56:47.070Z,darari_nu,445,155
2026-03-27T15:56:47.070Z,coban3137,1137,622
2026-03-27T19:00:47.970Z,darari_nu,446,155
2026-03-27T19:00:47.970Z,coban3137,1137,622
2026-03-27T21:39:41.151Z,darari_nu,446,155
2026-03-27T21:39:41.151Z,coban3137,1137,622
2026-03-28T02:32:45.998Z,darari_nu,446,155
2026-03-28T02:32:45.998Z,coban3137,1137,622
2026-03-28T04:56:38.663Z,darari_nu,446,155
2026-03-28T04:56:38.663Z,coban3137,1137,622
2026-03-28T07:03:45.128Z,darari_nu,446,155
2026-03-28T07:03:45.128Z,coban3137,1137,622
2026-03-28T09:41:41.410Z,darari_nu,446,155
2026-03-28T09:41:41.410Z,coban3137,1137,622
2026-03-28T13:02:57.921Z,darari_nu,446,155
2026-03-28T13:02:57.921Z,coban3137,1137,622
2026-03-28T15:35:40.839Z,darari_nu,446,155
2026-03-28T15:35:40.839Z,coban3137,1137,622
2026-03-28T18:47:38.945Z,darari_nu,446,155
2026-03-28T18:47:38.945Z,coban3137,1137,622
2026-03-28T21:34:19.309Z,darari_nu,446,155
2026-03-28T21:34:19.309Z,coban3137,1137,622
2026-03-29T02:46:34.137Z,darari_nu,446,155
2026-03-29T02:46:34.137Z,coban3137,1137,622
2026-03-29T05:14:38.710Z,darari_nu,446,155
2026-03-29T05:14:38.710Z,coban3137,1137,622
2026-03-29T07:09:51.134Z,darari_nu,446,155
2026-03-29T07:09:51.134Z,coban3137,1137,622
2026-03-29T09:41:34.455Z,darari_nu,446,155
2026-03-29T09:41:34.455Z,coban3137,1136,622
2026-03-29T13:03:51.224Z,darari_nu,446,155
2026-03-29T13:03:51.224Z,coban3137,1136,622
2026-03-29T15:36:44.420Z,darari_nu,446,155
2026-03-29T15:36:44.420Z,coban3137,1136,622
2026-03-29T18:50:18.674Z,darari_nu,446,155
2026-03-29T18:50:18.674Z,coban3137,1136,622
2026-03-29T21:36:30.602Z,darari_nu,446,155
2026-03-29T21:36:30.602Z,coban3137,1136,622
2026-03-30T02:49:39.829Z,darari_nu,445,155
2026-03-30T02:49:39.829Z,coban3137,1136,622
2026-03-30T05:29:28.385Z,darari_nu,445,155
2026-03-30T05:29:28.385Z,coban3137,1136,622
2026-03-30T07:48:48.938Z,darari_nu,445,155
2026-03-30T07:48:48.938Z,coban3137,1136,622
2026-03-30T10:20:44.892Z,darari_nu,445,155
2026-03-30T10:20:44.892Z,coban3137,1136,622
2026-03-30T13:29:00.283Z,darari_nu,445,155
2026-03-30T13:29:00.283Z,coban3137,1136,622
2026-03-30T16:08:04.387Z,darari_nu,445,155
2026-03-30T16:08:04.387Z,coban3137,1136,622
2026-03-30T19:05:00.809Z,darari_nu,445,155
2026-03-30T19:05:00.809Z,coban3137,1136,622
2026-03-30T21:47:10.074Z,darari_nu,445,155
2026-03-30T21:47:10.074Z,coban3137,1136,622
2026-03-31T02:42:29.922Z,darari_nu,445,155
2026-03-31T02:42:29.922Z,coban3137,1136,622
2026-03-31T05:12:53.031Z,darari_nu,445,155
2026-03-31T05:12:53.031Z,coban3137,1136,622
2026-03-31T07:21:45.354Z,darari_nu,445,155
2026-03-31T07:21:45.354Z,coban3137,1136,622
2026-03-31T10:08:13.684Z,darari_nu,445,155
2026-03-31T10:08:13.684Z,coban3137,1137,622
2026-03-31T13:28:14.554Z,darari_nu,445,155
2026-03-31T13:28:14.554Z,coban3137,1137,623
2026-03-31T16:08:15.823Z,darari_nu,445,155
2026-03-31T16:08:15.823Z,coban3137,1137,623
2026-03-31T19:07:29.518Z,darari_nu,445,155
2026-03-31T19:07:29.518Z,coban3137,1137,623
2026-03-31T21:42:33.501Z,darari_nu,446,155
2026-03-31T21:42:33.501Z,coban3137,1137,623
2026-04-01T02:54:18.874Z,darari_nu,447,155
2026-04-01T02:54:18.874Z,coban3137,1138,623
2026-04-01T05:28:37.224Z,darari_nu,447,155
2026-04-01T05:28:37.224Z,coban3137,1138,623
2026-04-01T07:27:04.057Z,darari_nu,447,155
2026-04-01T07:27:04.057Z,coban3137,1138,623
2026-04-01T10:09:24.360Z,darari_nu,447,155
2026-04-01T10:09:24.360Z,coban3137,1138,623
2026-04-01T13:42:58.004Z,darari_nu,447,155
2026-04-01T13:42:58.004Z,coban3137,1138,623
2026-04-01T16:08:49.652Z,darari_nu,447,155
2026-04-01T16:08:49.652Z,coban3137,1140,623
2026-04-01T19:07:38.965Z,darari_nu,450,157
2026-04-01T19:07:38.965Z,coban3137,1140,623
2026-04-01T21:46:47.613Z,darari_nu,451,157
2026-04-01T21:46:47.613Z,coban3137,1140,623
2026-04-02T02:38:50.673Z,darari_nu,451,158
2026-04-02T02:38:50.673Z,coban3137,1146,627
2026-04-02T09:54:07.528Z,darari_nu,458,161
2026-04-02T09:54:07.528Z,coban3137,1155,633
2026-04-02T09:58:47.450Z,darari_nu,458,161
2026-04-02T09:58:47.450Z,coban3137,1155,633
2026-04-02T10:44:37.770Z,darari_nu,458,161
2026-04-02T10:44:37.770Z,coban3137,1155,633
2026-04-02T11:40:42.460Z,darari_nu,458,161
2026-04-02T11:40:42.460Z,coban3137,1155,633
2026-04-02T12:54:48.918Z,darari_nu,458,161
2026-04-02T12:54:48.918Z,coban3137,1157,635
2026-04-02T14:19:38.591Z,darari_nu,459,161
2026-04-02T14:19:38.591Z,coban3137,1157,635
2026-04-02T15:54:00.192Z,darari_nu,461,164
2026-04-02T15:54:00.192Z,coban3137,1160,636
2026-04-02T16:50:05.597Z,darari_nu,461,164
2026-04-02T16:50:05.597Z,coban3137,1160,637
2026-04-02T17:43:36.925Z,darari_nu,461,164
2026-04-02T17:43:36.925Z,coban3137,1161,637
2026-04-02T18:45:06.471Z,darari_nu,462,164
2026-04-02T18:45:06.471Z,coban3137,1162,637
2026-04-02T19:44:03.493Z,darari_nu,463,164
2026-04-02T19:44:03.493Z,coban3137,1163,637
2026-04-02T20:28:12.074Z,darari_nu,463,164
2026-04-02T20:28:12.074Z,coban3137,1165,637
2026-04-02T21:30:10.839Z,darari_nu,465,164
2026-04-02T21:30:10.839Z,coban3137,1165,637
2026-04-02T22:25:20.083Z,darari_nu,465,164
2026-04-02T22:25:20.083Z,coban3137,1165,637
2026-04-02T23:27:59.678Z,darari_nu,465,166
2026-04-02T23:27:59.678Z,coban3137,1165,638
2026-04-03T01:29:45.787Z,darari_nu,465,168
2026-04-03T01:29:45.787Z,coban3137,1165,638
2026-04-03T04:24:27.938Z,darari_nu,466,168
2026-04-03T04:24:27.938Z,coban3137,1168,640
2026-04-03T06:08:47.875Z,darari_nu,466,169
2026-04-03T06:08:47.875Z,coban3137,1168,640
2026-04-03T07:58:01.924Z,darari_nu,466,169
2026-04-03T07:58:01.924Z,coban3137,1168,640
2026-04-03T08:53:50.449Z,darari_nu,466,169
2026-04-03T08:53:50.449Z,coban3137,1169,641
2026-04-03T09:46:13.555Z,darari_nu,466,169
2026-04-03T09:46:13.555Z,coban3137,1169,641
2026-04-03T10:36:56.661Z,darari_nu,466,169
2026-04-03T10:36:56.661Z,coban3137,1170,641
2026-04-03T11:33:19.889Z,darari_nu,467,169
2026-04-03T11:33:19.889Z,coban3137,1170,642
2026-04-03T12:43:57.043Z,darari_nu,467,169
2026-04-03T12:43:57.043Z,coban3137,1171,642
2026-04-03T13:58:11.076Z,darari_nu,469,170
2026-04-03T13:58:11.076Z,coban3137,1173,643
2026-04-03T14:42:09.157Z,darari_nu,469,171
2026-04-03T14:42:09.157Z,coban3137,1173,643
2026-04-03T15:34:31.276Z,darari_nu,469,171
2026-04-03T15:34:31.276Z,coban3137,1173,643
2026-04-03T16:31:40.670Z,darari_nu,475,174
2026-04-03T16:31:40.670Z,coban3137,1174,643
2026-04-03T17:28:11.154Z,darari_nu,478,174
2026-04-03T17:28:11.154Z,coban3137,1177,643
2026-04-03T18:36:54.113Z,darari_nu,479,174
2026-04-03T18:36:54.113Z,coban3137,1177,643
2026-04-03T19:33:59.967Z,darari_nu,480,174
2026-04-03T19:33:59.967Z,coban3137,1177,643
2026-04-03T20:27:56.407Z,darari_nu,481,174
2026-04-03T20:27:56.407Z,coban3137,1177,643
2026-04-03T21:26:12.459Z,darari_nu,481,174
2026-04-03T21:26:12.459Z,coban3137,1177,644
2026-04-03T22:25:52.870Z,darari_nu,481,179
2026-04-03T22:25:52.870Z,coban3137,1177,644
2026-04-03T23:27:32.713Z,darari_nu,481,179
2026-04-03T23:27:32.713Z,coban3137,1178,644
2026-04-04T01:24:22.465Z,darari_nu,482,179
2026-04-04T01:24:22.465Z,coban3137,1178,645
2026-04-04T04:10:31.837Z,darari_nu,482,179
2026-04-04T04:10:31.837Z,coban3137,1178,645
2026-04-04T05:52:14.229Z,darari_nu,482,179
2026-04-04T05:52:14.229Z,coban3137,1179,646
2026-04-04T06:51:34.744Z,darari_nu,482,179
2026-04-04T06:51:34.744Z,coban3137,1179,646
2026-04-04T07:44:00.802Z,darari_nu,482,179
2026-04-04T07:44:00.802Z,coban3137,1180,646
2026-04-04T08:32:42.531Z,darari_nu,483,179
2026-04-04T08:32:42.531Z,coban3137,1180,646
2026-04-04T09:30:26.320Z,darari_nu,483,179
2026-04-04T09:30:26.320Z,coban3137,1181,646
2026-04-04T10:25:57.911Z,darari_nu,483,179
2026-04-04T10:25:57.911Z,coban3137,1181,646
2026-04-04T11:23:41.266Z,darari_nu,483,179
2026-04-04T11:23:41.266Z,coban3137,1181,646
2026-04-04T12:36:57.757Z,darari_nu,483,179
2026-04-04T12:36:57.757Z,coban3137,1182,646
2026-04-04T13:47:31.137Z,darari_nu,483,179
2026-04-04T13:47:31.137Z,coban3137,1182,646
2026-04-04T14:27:33.931Z,darari_nu,483,179
2026-04-04T14:27:33.931Z,coban3137,1182,646
2026-04-04T15:24:53.034Z,darari_nu,483,179
2026-04-04T15:24:53.034Z,coban3137,1182,646
2026-04-04T16:26:48.992Z,darari_nu,483,179
2026-04-04T16:26:48.992Z,coban3137,1182,646
2026-04-04T17:23:48.333Z,darari_nu,483,179
2026-04-04T17:23:48.333Z,coban3137,1182,646
2026-04-04T18:31:45.205Z,darari_nu,483,179
2026-04-04T18:31:45.205Z,coban3137,1182,646
2026-04-04T19:25:55.003Z,darari_nu,483,179
2026-04-04T19:25:55.003Z,coban3137,1181,646
2026-04-04T20:21:18.236Z,darari_nu,483,179
2026-04-04T20:21:18.236Z,coban3137,1181,646
2026-04-04T21:24:32.854Z,darari_nu,483,179
2026-04-04T21:24:32.854Z,coban3137,1181,646
2026-04-04T22:21:35.540Z,darari_nu,484,179
2026-04-04T22:21:35.540Z,coban3137,1181,646
2026-04-04T23:24:02.341Z,darari_nu,485,179
2026-04-04T23:24:02.341Z,coban3137,1181,646
2026-04-05T01:47:49.380Z,darari_nu,485,179
2026-04-05T01:47:49.380Z,coban3137,1182,646
2026-04-05T04:31:40.463Z,darari_nu,485,179
2026-04-05T04:31:40.463Z,coban3137,1183,646
2026-04-05T06:11:14.852Z,darari_nu,485,179
2026-04-05T06:11:14.852Z,coban3137,1184,647
2026-04-05T07:51:41.321Z,darari_nu,485,179
2026-04-05T07:51:41.321Z,coban3137,1184,647
2026-04-05T08:35:15.917Z,darari_nu,485,179
2026-04-05T08:35:15.917Z,coban3137,1184,647
2026-04-05T09:32:46.361Z,darari_nu,484,179
2026-04-05T09:32:46.361Z,coban3137,1184,647
2026-04-05T10:25:57.410Z,darari_nu,484,179
2026-04-05T10:25:57.410Z,coban3137,1184,647
2026-04-05T11:23:39.774Z,darari_nu,484,179
2026-04-05T11:23:39.774Z,coban3137,1184,647
2026-04-05T12:39:16.262Z,darari_nu,484,179
2026-04-05T12:39:16.262Z,coban3137,1184,647
2026-04-05T13:49:46.837Z,darari_nu,484,179
2026-04-05T13:49:46.837Z,coban3137,1184,647
2026-04-05T14:29:34.919Z,darari_nu,484,179
2026-04-05T14:29:34.919Z,coban3137,1184,647
2026-04-05T15:24:50.851Z,darari_nu,484,179
2026-04-05T15:24:50.851Z,coban3137,1184,647
2026-04-05T16:27:54.010Z,darari_nu,484,179
2026-04-05T16:27:54.010Z,coban3137,1184,647
2026-04-05T17:24:12.772Z,darari_nu,484,179
2026-04-05T17:24:12.772Z,coban3137,1184,647
2026-04-05T18:32:23.078Z,darari_nu,484,179
2026-04-05T18:32:23.078Z,coban3137,1185,647
2026-04-05T19:29:18.211Z,darari_nu,484,179
2026-04-05T19:29:18.211Z,coban3137,1185,647
2026-04-05T20:24:36.424Z,darari_nu,484,179
2026-04-05T20:24:36.424Z,coban3137,1185,647
2026-04-05T21:24:39.424Z,darari_nu,485,179
2026-04-05T21:24:39.424Z,coban3137,1185,647
2026-04-05T22:22:38.788Z,darari_nu,485,179
2026-04-05T22:22:38.788Z,coban3137,1185,647
2026-04-05T23:26:52.026Z,darari_nu,485,179
2026-04-05T23:26:52.026Z,coban3137,1185,647
2026-04-06T01:48:29.424Z,darari_nu,485,179
2026-04-06T01:48:29.424Z,coban3137,1185,647
2026-04-06T04:39:19.387Z,darari_nu,485,179
2026-04-06T04:39:19.387Z,coban3137,1186,647
2026-04-06T06:27:02.312Z,darari_nu,485,179
2026-04-06T06:27:02.312Z,coban3137,1186,647
2026-04-06T08:19:46.205Z,darari_nu,485,179
2026-04-06T08:19:46.205Z,coban3137,1186,647
2026-04-06T10:02:13.362Z,darari_nu,486,179
2026-04-06T10:02:13.362Z,coban3137,1187,647
2026-04-06T11:42:32.739Z,darari_nu,486,179
2026-04-06T11:42:32.739Z,coban3137,1187,647
2026-04-06T12:53:17.461Z,darari_nu,486,179
2026-04-06T12:53:17.461Z,coban3137,1186,647
2026-04-06T14:07:43.854Z,darari_nu,486,179
2026-04-06T14:07:43.854Z,coban3137,1186,647
2026-04-06T15:39:37.526Z,darari_nu,486,179
2026-04-06T15:39:37.526Z,coban3137,1186,647
2026-04-06T16:38:18.312Z,darari_nu,486,179
2026-04-06T16:38:18.312Z,coban3137,1187,647
2026-04-06T17:38:53.168Z,darari_nu,486,179
2026-04-06T17:38:53.168Z,coban3137,1187,647
2026-04-06T18:45:56.836Z,darari_nu,486,179
2026-04-06T18:45:56.836Z,coban3137,1188,647
2026-04-06T19:47:17.649Z,darari_nu,486,179
2026-04-06T19:47:17.649Z,coban3137,1188,647
2026-04-06T20:31:29.069Z,darari_nu,486,179
2026-04-06T20:31:29.069Z,coban3137,1188,647
2026-04-06T21:31:41.534Z,darari_nu,486,179
2026-04-06T21:31:41.534Z,coban3137,1189,647
2026-04-06T22:28:27.062Z,darari_nu,486,179
2026-04-06T22:28:27.062Z,coban3137,1190,647
2026-04-06T23:28:49.205Z,darari_nu,486,179
2026-04-06T23:28:49.205Z,coban3137,1192,649
2026-04-07T01:45:45.089Z,darari_nu,486,179
2026-04-07T01:45:45.089Z,coban3137,1192,650
2026-04-07T04:28:15.730Z,darari_nu,486,179
2026-04-07T04:28:15.730Z,coban3137,1193,650
2026-04-07T06:15:38.439Z,darari_nu,486,179
2026-04-07T06:15:38.439Z,coban3137,1194,650
2026-04-07T08:07:34.586Z,darari_nu,486,179
2026-04-07T08:07:34.586Z,coban3137,1195,650
2026-04-07T10:01:47.448Z,darari_nu,486,179
2026-04-07T10:01:47.448Z,coban3137,1195,650
2026-04-07T11:47:08.777Z,darari_nu,486,179
2026-04-07T11:47:08.777Z,coban3137,1196,650
2026-04-07T13:06:37.176Z,darari_nu,486,179
2026-04-07T13:06:37.176Z,coban3137,1196,650
2026-04-07T15:01:50.792Z,darari_nu,487,179
2026-04-07T15:01:50.792Z,coban3137,1197,651
2026-04-07T16:47:59.900Z,darari_nu,487,179
2026-04-07T16:47:59.900Z,coban3137,1199,651
2026-04-07T17:52:40.712Z,darari_nu,487,179
2026-04-07T17:52:40.712Z,coban3137,1199,651
2026-04-07T18:53:12.382Z,darari_nu,487,179
2026-04-07T18:53:12.382Z,coban3137,1199,651
2026-04-07T19:52:53.891Z,darari_nu,487,179
2026-04-07T19:52:53.891Z,coban3137,1199,651
2026-04-07T20:39:02.914Z,darari_nu,487,179
2026-04-07T20:39:02.914Z,coban3137,1199,651
2026-04-07T21:45:04.514Z,darari_nu,487,179
2026-04-07T21:45:04.514Z,coban3137,1200,651
2026-04-07T22:31:10.145Z,darari_nu,487,179
2026-04-07T22:31:10.145Z,coban3137,1200,651
2026-04-07T23:31:39.512Z,darari_nu,487,179
2026-04-07T23:31:39.512Z,coban3137,1201,651
2026-04-08T01:46:15.328Z,darari_nu,487,179
2026-04-08T01:46:15.328Z,coban3137,1201,651
2026-04-08T04:31:11.561Z,darari_nu,487,179
2026-04-08T04:31:11.561Z,coban3137,1201,651
2026-04-08T06:17:23.073Z,darari_nu,488,179
2026-04-08T06:17:23.073Z,coban3137,1201,651
2026-04-08T08:08:45.650Z,darari_nu,488,179
2026-04-08T08:08:45.650Z,coban3137,1203,651
2026-04-08T10:01:29.501Z,darari_nu,488,179
2026-04-08T10:01:29.501Z,coban3137,1203,655
2026-04-08T11:47:21.371Z,darari_nu,488,179
2026-04-08T11:47:21.371Z,coban3137,1203,655
2026-04-08T13:04:22.100Z,darari_nu,488,179
2026-04-08T13:04:22.100Z,coban3137,1203,655
2026-04-08T15:03:24.260Z,darari_nu,488,180
2026-04-08T15:03:24.260Z,coban3137,1204,655
2026-04-08T17:06:19.893Z,darari_nu,488,180
2026-04-08T17:06:19.893Z,coban3137,1204,655
2026-04-08T18:01:12.182Z,darari_nu,488,180
2026-04-08T18:01:12.182Z,coban3137,1204,655
2026-04-08T19:54:59.006Z,darari_nu,488,180
2026-04-08T19:54:59.006Z,coban3137,1204,655
2026-04-08T20:35:58.597Z,darari_nu,488,180
2026-04-08T20:35:58.597Z,coban3137,1204,655
2026-04-08T21:36:04.517Z,darari_nu,488,180
2026-04-08T21:36:04.517Z,coban3137,1204,655
2026-04-08T22:32:11.491Z,darari_nu,488,180
2026-04-08T22:32:11.491Z,coban3137,1204,655
2026-04-08T23:32:12.401Z,darari_nu,488,180
2026-04-08T23:32:12.401Z,coban3137,1204,655
2026-04-09T01:25:30.287Z,darari_nu,488,180
2026-04-09T01:25:30.287Z,coban3137,1205,655
2026-04-09T04:27:54.552Z,darari_nu,488,180
2026-04-09T04:27:54.552Z,coban3137,1205,657
2026-04-09T06:16:58.250Z,darari_nu,488,180
2026-04-09T06:16:58.250Z,coban3137,1205,657
2026-04-09T08:15:16.347Z,darari_nu,488,180
2026-04-09T08:15:16.347Z,coban3137,1205,657
2026-04-09T10:06:24.026Z,darari_nu,488,180
2026-04-09T10:06:24.026Z,coban3137,1206,657
2026-04-09T11:49:00.319Z,darari_nu,488,180
2026-04-09T11:49:00.319Z,coban3137,1206,657
2026-04-09T13:04:52.669Z,darari_nu,488,180
2026-04-09T13:04:52.669Z,coban3137,1206,657
2026-04-09T15:15:43.065Z,darari_nu,487,180
2026-04-09T15:15:43.065Z,coban3137,1206,657
2026-04-09T16:59:26.479Z,darari_nu,487,180
2026-04-09T16:59:26.479Z,coban3137,1206,657
2026-04-09T18:00:43.486Z,darari_nu,487,180
2026-04-09T18:00:43.486Z,coban3137,1206,657
2026-04-09T19:59:41.051Z,darari_nu,487,180
2026-04-09T19:59:41.051Z,coban3137,1207,657
2026-04-09T20:56:32.309Z,darari_nu,487,180
2026-04-09T20:56:32.309Z,coban3137,1207,657
2026-04-09T21:41:30.045Z,darari_nu,487,180
2026-04-09T21:41:30.045Z,coban3137,1207,657
2026-04-09T22:34:11.436Z,darari_nu,488,180
2026-04-09T22:34:11.436Z,coban3137,1207,657
2026-04-09T23:38:18.997Z,darari_nu,488,180
2026-04-09T23:38:18.997Z,coban3137,1207,657
2026-04-10T01:49:17.525Z,darari_nu,488,180
2026-04-10T01:49:17.525Z,coban3137,1207,657
2026-04-10T04:41:45.761Z,darari_nu,488,180
2026-04-10T04:41:45.761Z,coban3137,1207,657
2026-04-10T06:33:15.738Z,darari_nu,488,180
2026-04-10T06:33:15.738Z,coban3137,1207,657
2026-04-10T08:18:12.294Z,darari_nu,488,180
2026-04-10T08:18:12.294Z,coban3137,1207,657
2026-04-10T10:02:59.408Z,darari_nu,488,180
2026-04-10T10:02:59.408Z,coban3137,1207,657
2026-04-10T11:41:43.869Z,darari_nu,488,180
2026-04-10T11:41:43.869Z,coban3137,1207,657
2026-04-10T12:52:23.117Z,darari_nu,489,180
2026-04-10T12:52:23.117Z,coban3137,1208,657
2026-04-10T14:14:01.495Z,darari_nu,490,180
2026-04-10T14:14:01.495Z,coban3137,1208,657
2026-04-10T15:43:18.579Z,darari_nu,491,180
2026-04-10T15:43:18.579Z,coban3137,1209,657
2026-04-10T16:42:16.480Z,darari_nu,491,180
2026-04-10T16:42:16.480Z,coban3137,1210,657
2026-04-10T17:41:54.744Z,darari_nu,491,180
2026-04-10T17:41:54.744Z,coban3137,1210,657
2026-04-10T18:41:38.332Z,darari_nu,491,180
2026-04-10T18:41:38.332Z,coban3137,1210,657
2026-04-10T19:48:00.059Z,darari_nu,491,180
2026-04-10T19:48:00.059Z,coban3137,1210,657
2026-04-10T20:27:48.922Z,darari_nu,491,180
2026-04-10T20:27:48.922Z,coban3137,1210,657
2026-04-10T21:30:56.851Z,darari_nu,491,180
2026-04-10T21:30:56.851Z,coban3137,1210,657
2026-04-10T22:35:51.644Z,darari_nu,491,180
2026-04-10T22:35:51.644Z,coban3137,1210,657
2026-04-10T23:28:36.779Z,darari_nu,492,180
2026-04-10T23:28:36.779Z,coban3137,1210,657
2026-04-11T01:27:26.083Z,darari_nu,492,180
2026-04-11T01:27:26.083Z,coban3137,1210,658
2026-04-11T04:14:41.259Z,darari_nu,492,180
2026-04-11T04:14:41.259Z,coban3137,1210,659
2026-04-11T05:55:35.372Z,darari_nu,492,180
2026-04-11T05:55:35.372Z,coban3137,1211,659
2026-04-11T06:52:59.073Z,darari_nu,492,180
2026-04-11T06:52:59.073Z,coban3137,1211,659
2026-04-11T07:45:16.253Z,darari_nu,492,180
2026-04-11T07:45:16.253Z,coban3137,1211,659
2026-04-11T08:34:09.800Z,darari_nu,492,180
2026-04-11T08:34:09.800Z,coban3137,1211,659
2026-04-11T09:33:16.716Z,darari_nu,491,180
2026-04-11T09:33:16.716Z,coban3137,1210,659
2026-04-11T10:26:52.207Z,darari_nu,491,180
2026-04-11T10:26:52.207Z,coban3137,1210,659
2026-04-11T11:24:42.826Z,darari_nu,491,180
2026-04-11T11:24:42.826Z,coban3137,1210,659
2026-04-11T12:39:22.523Z,darari_nu,491,180
2026-04-11T12:39:22.523Z,coban3137,1210,659
2026-04-11T13:50:23.891Z,darari_nu,491,180
2026-04-11T13:50:23.891Z,coban3137,1210,659
2026-04-11T14:30:56.798Z,darari_nu,491,180
2026-04-11T14:30:56.798Z,coban3137,1210,659
2026-04-11T15:26:41.278Z,darari_nu,491,180
2026-04-11T15:26:41.278Z,coban3137,1210,659
2026-04-11T16:28:10.543Z,darari_nu,491,180
2026-04-11T16:28:10.543Z,coban3137,1210,659
2026-04-11T17:25:21.371Z,darari_nu,491,180
2026-04-11T17:25:21.371Z,coban3137,1210,659
2026-04-11T18:33:18.221Z,darari_nu,491,180
2026-04-11T18:33:18.221Z,coban3137,1210,659
2026-04-11T19:30:12.974Z,darari_nu,491,180
2026-04-11T19:30:12.974Z,coban3137,1210,659
2026-04-11T20:24:00.997Z,darari_nu,491,180
2026-04-11T20:24:00.997Z,coban3137,1210,659
2026-04-11T21:25:25.175Z,darari_nu,491,180
2026-04-11T21:25:25.175Z,coban3137,1210,659
2026-04-11T22:24:19.865Z,darari_nu,491,180
2026-04-11T22:24:19.865Z,coban3137,1210,659
2026-04-11T23:26:06.268Z,darari_nu,491,180
2026-04-11T23:26:06.268Z,coban3137,1210,659
2026-04-12T01:51:44.738Z,darari_nu,490,180
2026-04-12T01:51:44.738Z,coban3137,1210,659
2026-04-12T04:42:09.064Z,darari_nu,490,180
2026-04-12T04:42:09.064Z,coban3137,1210,659
2026-04-12T06:20:33.964Z,darari_nu,490,180
2026-04-12T06:20:33.964Z,coban3137,1210,659
2026-04-12T07:59:22.275Z,darari_nu,490,180
2026-04-12T07:59:22.275Z,coban3137,1210,659
2026-04-12T08:54:06.558Z,darari_nu,490,180
2026-04-12T08:54:06.558Z,coban3137,1210,659
2026-04-12T09:39:14.462Z,darari_nu,490,180
2026-04-12T09:39:14.462Z,coban3137,1210,659
2026-04-12T10:32:07.267Z,darari_nu,490,180
2026-04-12T10:32:07.267Z,coban3137,1210,659
2026-04-12T11:28:42.986Z,darari_nu,490,180
2026-04-12T11:28:42.986Z,coban3137,1210,659
2026-04-12T12:42:45.993Z,darari_nu,490,180
2026-04-12T12:42:45.993Z,coban3137,1210,659
2026-04-12T13:56:03.973Z,darari_nu,492,181
2026-04-12T13:56:03.973Z,coban3137,1210,659
2026-04-12T14:36:38.324Z,darari_nu,492,181
2026-04-12T14:36:38.324Z,coban3137,1210,659
2026-04-12T15:29:59.547Z,darari_nu,492,181
2026-04-12T15:29:59.547Z,coban3137,1210,659
2026-04-12T16:29:35.614Z,darari_nu,493,182
2026-04-12T16:29:35.614Z,coban3137,1210,659
2026-04-12T17:28:22.659Z,darari_nu,496,183
2026-04-12T17:28:22.659Z,coban3137,1210,659
2026-04-12T18:36:38.001Z,darari_nu,497,183
2026-04-12T18:36:38.001Z,coban3137,1210,659
2026-04-12T19:34:31.405Z,darari_nu,498,183
2026-04-12T19:34:31.405Z,coban3137,1210,659
2026-04-12T20:27:39.877Z,darari_nu,501,183
2026-04-12T20:27:39.877Z,coban3137,1210,659
2026-04-12T21:26:57.117Z,darari_nu,501,183
2026-04-12T21:26:57.117Z,coban3137,1210,659
2026-04-12T22:26:19.925Z,darari_nu,501,183
2026-04-12T22:26:19.925Z,coban3137,1210,659
2026-04-12T23:27:34.185Z,darari_nu,501,186
2026-04-12T23:27:34.185Z,coban3137,1210,659
2026-04-13T01:56:54.513Z,darari_nu,504,189
2026-04-13T01:56:54.513Z,coban3137,1210,659
2026-04-13T04:55:54.775Z,darari_nu,506,189
2026-04-13T04:55:54.775Z,coban3137,1210,659
2026-04-13T07:11:25.430Z,darari_nu,512,194
2026-04-13T07:11:25.430Z,coban3137,1210,659
2026-04-13T09:29:46.736Z,darari_nu,516,194
2026-04-13T09:29:46.736Z,coban3137,1210,659
2026-04-13T11:24:33.451Z,darari_nu,516,194
2026-04-13T11:24:33.451Z,coban3137,1210,659
2026-04-13T13:10:28.453Z,darari_nu,517,198
2026-04-13T13:10:28.453Z,coban3137,1210,659
2026-04-13T15:10:15.281Z,darari_nu,518,198
2026-04-13T15:10:15.281Z,coban3137,1210,659
2026-04-13T16:56:22.863Z,darari_nu,518,198
2026-04-13T16:56:22.863Z,coban3137,1211,659
2026-04-13T17:57:01.849Z,darari_nu,520,198
2026-04-13T17:57:01.849Z,coban3137,1211,659
2026-04-13T19:09:41.477Z,darari_nu,522,198
2026-04-13T19:09:41.477Z,coban3137,1211,659
2026-04-13T20:45:17.059Z,darari_nu,525,198
2026-04-13T20:45:17.059Z,coban3137,1211,659
2026-04-13T21:41:12.347Z,darari_nu,527,198
2026-04-13T21:41:12.347Z,coban3137,1211,659
2026-04-13T22:37:35.531Z,darari_nu,528,198
2026-04-13T22:37:35.531Z,coban3137,1212,659
2026-04-13T23:36:21.535Z,darari_nu,528,198
2026-04-13T23:36:21.535Z,coban3137,1212,659
2026-04-14T01:51:45.583Z,darari_nu,531,205
2026-04-14T01:51:45.583Z,coban3137,1212,659
2026-04-14T04:40:37.353Z,darari_nu,531,205
2026-04-14T04:40:37.353Z,coban3137,1212,659
2026-04-14T06:27:36.032Z,darari_nu,531,205
2026-04-14T06:27:36.032Z,coban3137,1212,659
2026-04-14T08:23:04.441Z,darari_nu,532,207
2026-04-14T08:23:04.441Z,coban3137,1212,659
2026-04-14T10:09:24.603Z,darari_nu,533,208
2026-04-14T10:09:24.603Z,coban3137,1212,660
2026-04-14T11:53:58.497Z,darari_nu,534,208
2026-04-14T11:53:58.497Z,coban3137,1212,661
2026-04-14T13:07:34.394Z,darari_nu,535,210
2026-04-14T13:07:34.394Z,coban3137,1212,661
2026-04-14T15:08:02.900Z,darari_nu,536,210
2026-04-14T15:08:02.900Z,coban3137,1211,661
2026-04-14T17:09:10.274Z,darari_nu,537,210
2026-04-14T17:09:10.274Z,coban3137,1211,661
2026-04-14T18:04:26.078Z,darari_nu,538,210
2026-04-14T18:04:26.078Z,coban3137,1211,661
2026-04-14T20:07:16.621Z,darari_nu,542,210
2026-04-14T20:07:16.621Z,coban3137,1211,661
2026-04-14T21:43:35.668Z,darari_nu,542,210
2026-04-14T21:43:35.668Z,coban3137,1211,661
2026-04-14T22:38:53.644Z,darari_nu,543,214
2026-04-14T22:38:53.644Z,coban3137,1211,661
2026-04-14T23:36:49.003Z,darari_nu,544,214
2026-04-14T23:36:49.003Z,coban3137,1211,661
2026-04-15T01:47:57.348Z,darari_nu,545,214
2026-04-15T01:47:57.348Z,coban3137,1211,661
2026-04-15T04:40:47.897Z,darari_nu,545,214
2026-04-15T04:40:47.897Z,coban3137,1211,661
2026-04-15T06:29:14.082Z,darari_nu,546,214
2026-04-15T06:29:14.082Z,coban3137,1211,661
2026-04-15T08:24:04.456Z,darari_nu,546,216
2026-04-15T08:24:04.456Z,coban3137,1211,661
2026-04-15T10:10:49.238Z,darari_nu,547,216
2026-04-15T10:10:49.238Z,coban3137,1212,661
2026-04-15T11:51:23.483Z,darari_nu,547,216
2026-04-15T11:51:23.483Z,coban3137,1212,661
2026-04-15T13:05:58.384Z,darari_nu,547,216
2026-04-15T13:05:58.384Z,coban3137,1212,661
2026-04-15T15:01:08.124Z,darari_nu,547,216
2026-04-15T15:01:08.124Z,coban3137,1212,661
2026-04-15T16:54:54.391Z,darari_nu,547,216
2026-04-15T16:54:54.391Z,coban3137,1212,661
2026-04-15T18:01:18.129Z,darari_nu,547,216
2026-04-15T18:01:18.129Z,coban3137,1212,661
2026-04-15T19:58:53.580Z,darari_nu,547,216
2026-04-15T19:58:53.580Z,coban3137,1212,661
2026-04-15T20:52:26.846Z,darari_nu,547,216
2026-04-15T20:52:26.846Z,coban3137,1212,661
2026-04-15T21:44:38.607Z,darari_nu,547,216
2026-04-15T21:44:38.607Z,coban3137,1212,661
2026-04-15T22:35:52.866Z,darari_nu,547,216
2026-04-15T22:35:52.866Z,coban3137,1212,661
2026-04-15T23:36:02.207Z,darari_nu,548,216
2026-04-15T23:36:02.207Z,coban3137,1212,661
2026-04-16T01:56:18.004Z,darari_nu,548,216
2026-04-16T01:56:18.004Z,coban3137,1211,660
2026-04-16T04:48:19.676Z,darari_nu,548,216
2026-04-16T04:48:19.676Z,coban3137,1211,660
2026-04-16T06:53:40.374Z,darari_nu,550,216
2026-04-16T06:53:40.374Z,coban3137,1210,660
2026-04-16T08:24:35.805Z,darari_nu,550,216
2026-04-16T08:24:35.805Z,coban3137,1210,660
2026-04-16T10:10:09.767Z,darari_nu,550,216
2026-04-16T10:10:09.767Z,coban3137,1210,660
2026-04-16T11:54:33.885Z,darari_nu,0,0
2026-04-16T11:54:33.885Z,coban3137,0,0
2026-04-16T13:26:42.998Z,darari_nu,551,217
2026-04-16T13:26:42.998Z,coban3137,1210,660
2026-04-16T15:21:02.501Z,darari_nu,551,217
2026-04-16T15:21:02.501Z,coban3137,1211,660
2026-04-16T17:05:48.869Z,darari_nu,551,217
2026-04-16T17:05:48.869Z,coban3137,1211,660
2026-04-16T19:01:49.403Z,darari_nu,551,217
2026-04-16T19:01:49.403Z,coban3137,1211,660
2026-04-16T20:41:01.351Z,darari_nu,551,217
2026-04-16T20:41:01.351Z,coban3137,1211,660
2026-04-16T21:36:45.567Z,darari_nu,551,217
2026-04-16T21:36:45.567Z,coban3137,1211,660
2026-04-16T22:32:50.239Z,darari_nu,551,217
2026-04-16T22:32:50.239Z,coban3137,1211,660
2026-04-16T23:37:56.025Z,darari_nu,551,217
2026-04-16T23:37:56.025Z,coban3137,1211,660
2026-04-17T01:52:01.141Z,darari_nu,551,217
2026-04-17T01:52:01.141Z,coban3137,1211,660
2026-04-17T04:44:13.027Z,darari_nu,552,217
2026-04-17T04:44:13.027Z,coban3137,1211,660
2026-04-17T06:54:09.875Z,darari_nu,552,217
2026-04-17T06:54:09.875Z,coban3137,1212,660
2026-04-17T08:23:26.399Z,darari_nu,552,217
2026-04-17T08:23:26.399Z,coban3137,1212,660
2026-04-17T10:07:49.282Z,darari_nu,552,217
2026-04-17T10:07:49.282Z,coban3137,1212,660
2026-04-17T11:44:08.120Z,darari_nu,552,217
2026-04-17T11:44:08.120Z,coban3137,1212,660
2026-04-17T13:00:28.293Z,darari_nu,552,217
2026-04-17T13:00:28.293Z,coban3137,1212,660
2026-04-17T14:23:07.210Z,darari_nu,552,217
2026-04-17T14:23:07.210Z,coban3137,1212,660
2026-04-17T15:53:13.717Z,darari_nu,552,217
2026-04-17T15:53:13.717Z,coban3137,1213,660
2026-04-17T16:46:22.014Z,darari_nu,552,217
2026-04-17T16:46:22.014Z,coban3137,1213,660
2026-04-17T17:42:26.579Z,darari_nu,552,217
2026-04-17T17:42:26.579Z,coban3137,1213,660
2026-04-17T18:47:16.023Z,darari_nu,552,217
2026-04-17T18:47:16.023Z,coban3137,1213,660
2026-04-17T19:53:50.144Z,darari_nu,552,217
2026-04-17T19:53:50.144Z,coban3137,1214,660
2026-04-17T20:37:42.437Z,darari_nu,552,217
2026-04-17T20:37:42.437Z,coban3137,1214,660
2026-04-17T21:35:47.123Z,darari_nu,552,217
2026-04-17T21:35:47.123Z,coban3137,1214,660
2026-04-17T22:30:51.402Z,darari_nu,553,217
2026-04-17T22:30:51.402Z,coban3137,1214,660
2026-04-17T23:32:45.626Z,darari_nu,553,217
2026-04-17T23:32:45.626Z,coban3137,1214,660
2026-04-18T01:30:11.887Z,darari_nu,553,217
2026-04-18T01:30:11.887Z,coban3137,1214,660
2026-04-18T04:26:26.858Z,darari_nu,553,217
2026-04-18T04:26:26.858Z,coban3137,1214,660
2026-04-18T06:09:14.859Z,darari_nu,553,217
2026-04-18T06:09:14.859Z,coban3137,1214,660
2026-04-18T07:55:53.980Z,darari_nu,553,217
2026-04-18T07:55:53.980Z,coban3137,1214,660
2026-04-18T08:41:09.891Z,darari_nu,553,217
2026-04-18T08:41:09.891Z,coban3137,1214,660
2026-04-18T09:40:54.029Z,darari_nu,554,217
2026-04-18T09:40:54.029Z,coban3137,1214,660
2026-04-18T10:33:45.779Z,darari_nu,554,217
2026-04-18T10:33:45.779Z,coban3137,1214,660
2026-04-18T11:29:30.985Z,darari_nu,555,217
2026-04-18T11:29:30.985Z,coban3137,1214,660
2026-04-18T12:43:00.889Z,darari_nu,555,217
2026-04-18T12:43:00.889Z,coban3137,1214,660
2026-04-18T13:57:17.180Z,darari_nu,555,218
2026-04-18T13:57:17.180Z,coban3137,1214,660
2026-04-18T14:37:59.557Z,darari_nu,555,218
2026-04-18T14:37:59.557Z,coban3137,1214,660
2026-04-18T15:31:27.794Z,darari_nu,555,218
2026-04-18T15:31:27.794Z,coban3137,1214,660
2026-04-18T16:30:11.936Z,darari_nu,555,218
2026-04-18T16:30:11.936Z,coban3137,1214,661
2026-04-18T17:30:33.157Z,darari_nu,555,218
2026-04-18T17:30:33.157Z,coban3137,1215,661
2026-04-18T18:36:32.117Z,darari_nu,555,218
2026-04-18T18:36:32.117Z,coban3137,1216,661
2026-04-18T19:36:26.540Z,darari_nu,555,218
2026-04-18T19:36:26.540Z,coban3137,1216,661
2026-04-18T20:28:00.688Z,darari_nu,555,218
2026-04-18T20:28:00.688Z,coban3137,1216,661
2026-04-18T21:27:14.434Z,darari_nu,555,218
2026-04-18T21:27:14.434Z,coban3137,1216,661
2026-04-18T22:26:26.751Z,darari_nu,555,218
2026-04-18T22:26:26.751Z,coban3137,1216,661
2026-04-18T23:27:39.178Z,darari_nu,555,218
2026-04-18T23:27:39.178Z,coban3137,1216,661
2026-04-19T01:55:46.897Z,darari_nu,555,218
2026-04-19T01:55:46.897Z,coban3137,1216,661
2026-04-19T04:47:09.910Z,darari_nu,556,218
2026-04-19T04:47:09.910Z,coban3137,1216,662
2026-04-19T06:26:02.842Z,darari_nu,556,218
2026-04-19T06:26:02.842Z,coban3137,1216,662
2026-04-19T08:02:51.333Z,darari_nu,556,218
2026-04-19T08:02:51.333Z,coban3137,1216,662
2026-04-19T09:40:33.442Z,darari_nu,556,218
2026-04-19T09:40:33.442Z,coban3137,1214,662
2026-04-19T10:32:44.065Z,darari_nu,556,218
2026-04-19T10:32:44.065Z,coban3137,1214,662
2026-04-19T11:29:22.677Z,darari_nu,556,218
2026-04-19T11:29:22.677Z,coban3137,1214,662
2026-04-19T12:42:26.630Z,darari_nu,556,218
2026-04-19T12:42:26.630Z,coban3137,1214,662
2026-04-19T13:55:30.096Z,darari_nu,556,218
2026-04-19T13:55:30.096Z,coban3137,1214,662
2026-04-19T14:36:34.271Z,darari_nu,558,219
2026-04-19T14:36:34.271Z,coban3137,1215,662
2026-04-19T15:31:24.188Z,darari_nu,558,219
2026-04-19T15:31:24.188Z,coban3137,1215,662
2026-04-19T16:31:08.788Z,darari_nu,561,220
2026-04-19T16:31:08.788Z,coban3137,1215,662
2026-04-19T17:29:34.550Z,darari_nu,562,220
2026-04-19T17:29:34.550Z,coban3137,1215,662
2026-04-19T18:37:23.704Z,darari_nu,562,220
2026-04-19T18:37:23.704Z,coban3137,1215,662
2026-04-19T19:36:39.980Z,darari_nu,564,220
2026-04-19T19:36:39.980Z,coban3137,1215,662
2026-04-19T20:29:11.981Z,darari_nu,566,220
2026-04-19T20:29:11.981Z,coban3137,1216,662
2026-04-19T21:28:23.563Z,darari_nu,566,220
2026-04-19T21:28:23.563Z,coban3137,1216,662
2026-04-19T22:27:29.009Z,darari_nu,566,222
2026-04-19T22:27:29.009Z,coban3137,1216,662
2026-04-19T23:29:28.742Z,darari_nu,566,222
2026-04-19T23:29:28.742Z,coban3137,1216,662
2026-04-20T01:57:19.638Z,darari_nu,567,223
2026-04-20T01:57:19.638Z,coban3137,1216,662
2026-04-20T04:56:35.358Z,darari_nu,569,225
2026-04-20T04:56:35.358Z,coban3137,1216,662
2026-04-20T07:14:03.810Z,darari_nu,573,227
2026-04-20T07:14:03.810Z,coban3137,1216,662
2026-04-20T09:51:48.171Z,darari_nu,576,231
2026-04-20T09:51:48.171Z,coban3137,1216,662
2026-04-20T11:14:49.146Z,darari_nu,578,233
2026-04-20T11:14:49.146Z,coban3137,1216,662
2026-04-20T13:11:06.668Z,darari_nu,580,234
2026-04-20T13:11:06.668Z,coban3137,1216,662
2026-04-20T15:12:14.638Z,darari_nu,587,242
2026-04-20T15:12:14.638Z,coban3137,1216,662
2026-04-20T16:57:33.237Z,darari_nu,590,242
2026-04-20T16:57:33.237Z,coban3137,1215,662
2026-04-20T17:56:07.469Z,darari_nu,590,242
2026-04-20T17:56:07.469Z,coban3137,1215,662
2026-04-20T18:57:06.414Z,darari_nu,590,242
2026-04-20T18:57:06.414Z,coban3137,1215,662
2026-04-20T19:58:38.030Z,darari_nu,590,242
2026-04-20T19:58:38.030Z,coban3137,1215,662
2026-04-20T20:48:56.472Z,darari_nu,591,242
2026-04-20T20:48:56.472Z,coban3137,1215,662
2026-04-20T21:40:13.178Z,darari_nu,591,242
2026-04-20T21:40:13.178Z,coban3137,1215,662
2026-04-20T22:36:39.401Z,darari_nu,591,242
2026-04-20T22:36:39.401Z,coban3137,1215,662
2026-04-20T23:36:27.616Z,darari_nu,592,242
2026-04-20T23:36:27.616Z,coban3137,1215,662
2026-04-21T01:52:42.959Z,darari_nu,593,243
2026-04-21T01:52:42.959Z,coban3137,1215,662
2026-04-21T04:43:49.091Z,darari_nu,593,243
2026-04-21T04:43:49.091Z,coban3137,1215,662
2026-04-21T06:54:46.220Z,darari_nu,594,243
2026-04-21T06:54:46.220Z,coban3137,1215,662
2026-04-21T08:29:02.680Z,darari_nu,596,244
2026-04-21T08:29:02.680Z,coban3137,1215,662
2026-04-21T10:14:02.396Z,darari_nu,596,245
2026-04-21T10:14:02.396Z,coban3137,1215,662
2026-04-21T11:56:02.344Z,darari_nu,596,245
2026-04-21T11:56:02.344Z,coban3137,1215,662
2026-04-21T13:09:02.799Z,darari_nu,596,246
2026-04-21T13:09:02.799Z,coban3137,1215,662
2026-04-21T15:06:34.786Z,darari_nu,597,247
2026-04-21T15:06:34.786Z,coban3137,1216,662
2026-04-21T16:51:40.989Z,darari_nu,598,248
2026-04-21T16:51:40.989Z,coban3137,1215,663
2026-04-21T17:54:50.325Z,darari_nu,598,248
2026-04-21T17:54:50.325Z,coban3137,1215,663
2026-04-21T19:01:04.118Z,darari_nu,599,248
2026-04-21T19:01:04.118Z,coban3137,1215,663
2026-04-21T20:41:43.366Z,darari_nu,600,248
2026-04-21T20:41:43.366Z,coban3137,1215,663
2026-04-21T21:38:52.441Z,darari_nu,600,248
2026-04-21T21:38:52.441Z,coban3137,1215,663
2026-04-21T22:36:25.429Z,darari_nu,600,248
2026-04-21T22:36:25.429Z,coban3137,1215,663
2026-04-21T23:30:06.613Z,darari_nu,600,248
2026-04-21T23:30:06.613Z,coban3137,1215,663
2026-04-22T01:51:50.989Z,darari_nu,603,249
2026-04-22T01:51:50.989Z,coban3137,1215,663
2026-04-22T04:42:44.344Z,darari_nu,603,249
2026-04-22T04:42:44.344Z,coban3137,1216,663
2026-04-22T06:53:43.236Z,darari_nu,605,249
2026-04-22T06:53:43.236Z,coban3137,1216,663
2026-04-22T08:26:39.499Z,darari_nu,605,249
2026-04-22T08:26:39.499Z,coban3137,1216,663
2026-04-22T10:14:09.611Z,darari_nu,605,249
2026-04-22T10:14:09.611Z,coban3137,1216,663
2026-04-22T11:54:57.127Z,darari_nu,606,249
2026-04-22T11:54:57.127Z,coban3137,1216,663
2026-04-22T13:08:14.919Z,darari_nu,607,249
2026-04-22T13:08:14.919Z,coban3137,1216,663
2026-04-22T15:06:27.897Z,darari_nu,607,249
2026-04-22T15:06:27.897Z,coban3137,1216,663
2026-04-22T16:51:52.103Z,darari_nu,609,252
2026-04-22T16:51:52.103Z,coban3137,1215,663
2026-04-22T17:54:55.044Z,darari_nu,609,252
2026-04-22T17:54:55.044Z,coban3137,1215,663
2026-04-22T19:03:16.490Z,darari_nu,609,252
2026-04-22T19:03:16.490Z,coban3137,1215,663
2026-04-22T20:44:41.785Z,darari_nu,609,252
2026-04-22T20:44:41.785Z,coban3137,1215,663
2026-04-22T21:44:09.391Z,darari_nu,609,252
2026-04-22T21:44:09.391Z,coban3137,1214,663
2026-04-22T22:40:27.424Z,darari_nu,609,253
2026-04-22T22:40:27.424Z,coban3137,1214,663
2026-04-22T23:40:19.882Z,darari_nu,609,253
2026-04-22T23:40:19.882Z,coban3137,1214,663
2026-04-23T01:55:50.499Z,darari_nu,610,253
2026-04-23T01:55:50.499Z,coban3137,1213,662
2026-04-23T04:46:48.155Z,darari_nu,611,253
2026-04-23T04:46:48.155Z,coban3137,1213,662
2026-04-23T06:58:11.902Z,darari_nu,611,254
2026-04-23T06:58:11.902Z,coban3137,1213,662
2026-04-23T08:52:44.506Z,darari_nu,611,254
2026-04-23T08:52:44.506Z,coban3137,1213,662
2026-04-23T10:17:34.103Z,darari_nu,612,254
2026-04-23T10:17:34.103Z,coban3137,1213,662
2026-04-23T11:55:50.806Z,darari_nu,613,254
2026-04-23T11:55:50.806Z,coban3137,1213,662
2026-04-23T13:09:13.420Z,darari_nu,614,254
2026-04-23T13:09:13.420Z,coban3137,1213,662
2026-04-23T15:46:26.374Z,darari_nu,614,254
2026-04-23T15:46:26.374Z,coban3137,1213,662
2026-04-23T17:11:59.853Z,darari_nu,615,254
2026-04-23T17:11:59.853Z,coban3137,1214,663
2026-04-23T18:58:36.565Z,darari_nu,615,254
2026-04-23T18:58:36.565Z,coban3137,1214,663
2026-04-23T20:06:44.072Z,darari_nu,615,254
2026-04-23T20:06:44.072Z,coban3137,1214,663
2026-04-23T21:38:57.755Z,darari_nu,615,254
2026-04-23T21:38:57.755Z,coban3137,1214,663
2026-04-23T22:36:39.213Z,darari_nu,616,254
2026-04-23T22:36:39.213Z,coban3137,1214,663
2026-04-23T23:38:21.951Z,darari_nu,616,254
2026-04-23T23:38:21.951Z,coban3137,1213,663
2026-04-24T01:56:02.774Z,darari_nu,616,255
2026-04-24T01:56:02.774Z,coban3137,1213,663
2026-04-24T04:51:10.145Z,darari_nu,616,255
2026-04-24T04:51:10.145Z,coban3137,1213,663
2026-04-24T07:01:52.619Z,darari_nu,616,255
2026-04-24T07:01:52.619Z,coban3137,1214,663
2026-04-24T09:24:00.361Z,darari_nu,616,255
2026-04-24T09:24:00.361Z,coban3137,1214,663
2026-04-24T11:00:03.759Z,darari_nu,616,255
2026-04-24T11:00:03.759Z,coban3137,1216,663
2026-04-24T12:00:55.595Z,darari_nu,616,255
2026-04-24T12:00:55.595Z,coban3137,1216,663
2026-04-24T14:29:00.252Z,darari_nu,616,255
2026-04-24T14:29:00.252Z,coban3137,1216,664
2026-04-24T16:00:09.129Z,darari_nu,618,255
2026-04-24T16:00:09.129Z,coban3137,1216,663
2026-04-24T17:04:08.382Z,darari_nu,619,255
2026-04-24T17:04:08.382Z,coban3137,1216,663
2026-04-24T18:43:04.736Z,darari_nu,619,255
2026-04-24T18:43:04.736Z,coban3137,1216,664
2026-04-24T19:45:39.589Z,darari_nu,620,255
2026-04-24T19:45:39.589Z,coban3137,1216,664
2026-04-24T20:38:59.267Z,darari_nu,620,255
2026-04-24T20:38:59.267Z,coban3137,1216,664
2026-04-24T21:40:53.178Z,darari_nu,620,255
2026-04-24T21:40:53.178Z,coban3137,1216,664
2026-04-24T22:33:53.349Z,darari_nu,620,255
2026-04-24T22:33:53.349Z,coban3137,1216,664
2026-04-24T23:34:20.937Z,darari_nu,620,255
2026-04-24T23:34:20.937Z,coban3137,1216,664
2026-04-25T01:46:18.622Z,darari_nu,620,255
2026-04-25T01:46:18.622Z,coban3137,1216,664
2026-04-25T04:30:54.968Z,darari_nu,620,255
2026-04-25T04:30:54.968Z,coban3137,1216,664
2026-04-25T06:17:11.239Z,darari_nu,620,255
2026-04-25T06:17:11.239Z,coban3137,1216,664
2026-04-25T08:01:30.798Z,darari_nu,620,256
2026-04-25T08:01:30.798Z,coban3137,1217,664
2026-04-25T09:44:11.700Z,darari_nu,620,256
2026-04-25T09:44:11.700Z,coban3137,1217,664
2026-04-25T10:37:02.218Z,darari_nu,620,256
2026-04-25T10:37:02.218Z,coban3137,1217,664
2026-04-25T11:33:36.066Z,darari_nu,620,256
2026-04-25T11:33:36.066Z,coban3137,1217,664
2026-04-25T12:44:14.555Z,darari_nu,620,256
2026-04-25T12:44:14.555Z,coban3137,1217,664
2026-04-25T13:59:32.434Z,darari_nu,620,256
2026-04-25T13:59:32.434Z,coban3137,1218,664
2026-04-25T14:45:45.566Z,darari_nu,622,256
2026-04-25T14:45:45.566Z,coban3137,1219,664
2026-04-25T15:33:59.525Z,darari_nu,623,256
2026-04-25T15:33:59.525Z,coban3137,1219,664
2026-04-25T16:33:08.634Z,darari_nu,623,257
2026-04-25T16:33:08.634Z,coban3137,1219,665
2026-04-25T17:32:37.004Z,darari_nu,623,257
2026-04-25T17:32:37.004Z,coban3137,1219,665
2026-04-25T18:39:00.090Z,darari_nu,624,257
2026-04-25T18:39:00.090Z,coban3137,1219,665
2026-04-25T19:39:26.845Z,darari_nu,624,257
2026-04-25T19:39:26.845Z,coban3137,1219,665
2026-04-25T20:30:58.303Z,darari_nu,624,257
2026-04-25T20:30:58.303Z,coban3137,1219,665
2026-04-25T21:29:55.744Z,darari_nu,624,257
2026-04-25T21:29:55.744Z,coban3137,1219,665
2026-04-25T22:28:25.841Z,darari_nu,625,257
2026-04-25T22:28:25.841Z,coban3137,1219,665
2026-04-25T23:30:34.059Z,darari_nu,625,257
2026-04-25T23:30:34.059Z,coban3137,1219,665
2026-04-26T01:58:54.333Z,darari_nu,625,257
2026-04-26T01:58:54.333Z,coban3137,1219,665
2026-04-26T05:13:17.726Z,darari_nu,626,257
2026-04-26T05:13:17.726Z,coban3137,1219,665
2026-04-26T07:18:33.591Z,darari_nu,626,257
2026-04-26T07:18:33.591Z,coban3137,1219,665
2026-04-26T08:51:42.229Z,darari_nu,626,257
2026-04-26T08:51:42.229Z,coban3137,1219,665
2026-04-26T09:46:06.018Z,darari_nu,626,257
2026-04-26T09:46:06.018Z,coban3137,1219,665
2026-04-26T10:38:44.833Z,darari_nu,626,257
2026-04-26T10:38:44.833Z,coban3137,1220,665
2026-04-26T11:34:24.864Z,darari_nu,626,257
2026-04-26T11:34:24.864Z,coban3137,1221,665
2026-04-26T12:46:35.790Z,darari_nu,626,257
2026-04-26T12:46:35.790Z,coban3137,1221,665
2026-04-26T14:01:01.550Z,darari_nu,626,257
2026-04-26T14:01:01.550Z,coban3137,1221,665
2026-04-26T15:36:18.507Z,darari_nu,626,257
2026-04-26T15:36:18.507Z,coban3137,1221,665
2026-04-26T16:34:18.787Z,darari_nu,626,257
2026-04-26T16:34:18.787Z,coban3137,1221,665
2026-04-26T17:33:05.764Z,darari_nu,626,257
2026-04-26T17:33:05.764Z,coban3137,1221,665
2026-04-26T18:40:23.580Z,darari_nu,626,257
2026-04-26T18:40:23.580Z,coban3137,1221,665
2026-04-26T19:40:58.702Z,darari_nu,626,257
2026-04-26T19:40:58.702Z,coban3137,1221,665
2026-04-26T20:30:48.061Z,darari_nu,626,257
2026-04-26T20:30:48.061Z,coban3137,1221,665
2026-04-26T21:31:10.204Z,darari_nu,626,257
2026-04-26T21:31:10.204Z,coban3137,1221,665
2026-04-26T22:30:20.376Z,darari_nu,626,257
2026-04-26T22:30:20.376Z,coban3137,1221,665
2026-04-26T23:32:24.293Z,darari_nu,626,257
2026-04-26T23:32:24.293Z,coban3137,1221,665
2026-04-27T02:01:56.054Z,darari_nu,625,256
2026-04-27T02:01:56.054Z,coban3137,1219,664
2026-04-27T05:46:43.634Z,darari_nu,625,256
2026-04-27T05:46:43.634Z,coban3137,1219,664
2026-04-27T08:08:46.725Z,darari_nu,625,256
2026-04-27T08:08:46.725Z,coban3137,1219,664
2026-04-27T10:55:07.414Z,darari_nu,625,256
2026-04-27T10:55:07.414Z,coban3137,1219,664
2026-04-27T12:17:55.680Z,darari_nu,625,256
2026-04-27T12:17:55.680Z,coban3137,1219,664
2026-04-27T15:00:07.104Z,darari_nu,625,257
2026-04-27T15:00:07.104Z,coban3137,1219,664
2026-04-27T16:44:44.779Z,darari_nu,625,257
2026-04-27T16:44:44.779Z,coban3137,1219,664
2026-04-27T18:02:02.542Z,darari_nu,625,257
2026-04-27T18:02:02.542Z,coban3137,1219,664
2026-04-27T20:05:03.662Z,darari_nu,625,257
2026-04-27T20:05:03.662Z,coban3137,1219,664
2026-04-27T21:49:12.025Z,darari_nu,625,257
2026-04-27T21:49:12.025Z,coban3137,1219,664
2026-04-27T22:42:52.275Z,darari_nu,626,257
2026-04-27T22:42:52.275Z,coban3137,1219,664
2026-04-27T23:44:39.195Z,darari_nu,626,257
2026-04-27T23:44:39.195Z,coban3137,1219,664
2026-04-28T02:08:09.621Z,darari_nu,627,257
2026-04-28T02:08:09.621Z,coban3137,1219,664
2026-04-28T05:52:05.380Z,darari_nu,628,257
2026-04-28T05:52:05.380Z,coban3137,1219,664
2026-04-28T08:10:41.244Z,darari_nu,628,257
2026-04-28T08:10:41.244Z,coban3137,1219,664
2026-04-28T10:56:57.509Z,darari_nu,628,257
2026-04-28T10:56:57.509Z,coban3137,1219,664
2026-04-28T12:22:59.476Z,darari_nu,628,257
2026-04-28T12:22:59.476Z,coban3137,1219,664
2026-04-28T15:21:57.649Z,darari_nu,628,258
2026-04-28T15:21:57.649Z,coban3137,1219,664
2026-04-28T17:41:22.745Z,darari_nu,628,258
2026-04-28T17:41:22.745Z,coban3137,1221,666
